{
  "entries": [
    {
      "title": "testing something fancy",
      "content": "# hello there title this hahaha\n*this is cool*\n* how about a new girl",
      "time": 1458193520873,
      "id": "6c84fb90-12c4-11e1-840d-7b25c5ee775b"
    },
    {
      "id": "574db8da-cb40-4618-83ad-eb938260800d",
      "title": "look",
      "content": "this is good",
      "time": 1458114987491
    },
    {
      "id": "50012045-ad14-4ff6-ba63-b2543bf5c35a",
      "title": "hey there",
      "content": "check out my new stuff",
      "time": 1458188680638
    }
  ],
  "users": [
    {
      "id": 1,
      "name": "viking",
      "postId": 1
    }
  ]
}